ID,Label in VO,Vaxjo adjuvant ID,Vaxjo_link,Adjuvant Label in Vaxjo
ID,,,A http://www.geneontology.org/formats/oboInOwl#hasDbXref SPLIT=|,
VO:0001339,cationic liposome-DNA complex JVRS-100 vaccin adjuvant,2,https://violinet.org/vaxjo/vaxjo_detail.php?c_vaxjo_id=2,Cationic liposome-DNA complex JVRS-100
VO:0000127,aluminum hydroxide vaccine adjuvant,3,https://violinet.org/vaxjo/vaxjo_detail.php?c_vaxjo_id=3,aluminum hydroxide vaccine adjuvant
VO:0000128,aluminum phosphate vaccine adjuvant,4,https://violinet.org/vaxjo/vaxjo_detail.php?c_vaxjo_id=4,aluminum phosphate vaccine adjuvant
VO:0001240,aluminum potassium sulfate adjuvant,5,https://violinet.org/vaxjo/vaxjo_detail.php?c_vaxjo_id=5,aluminum potassium sulfate adjuvant
VO:0001241,Alhydrogel vaccine adjuvant,6,https://violinet.org/vaxjo/vaxjo_detail.php?c_vaxjo_id=6,Alhydrogel
VO:0000757,ISCOM vaccine adjuvant,7,https://violinet.org/vaxjo/vaxjo_detail.php?c_vaxjo_id=7,ISCOM(s)™
VO:0000139,complete Freund's adjuvant,8,https://violinet.org/vaxjo/vaxjo_detail.php?c_vaxjo_id=8,Freund's Complete Adjuvant
VO:0000142,incomplete Freund's adjuvant,9,https://violinet.org/vaxjo/vaxjo_detail.php?c_vaxjo_id=9,Freund's Incomplete Adjuvant
VO:0001237,CpG DNA vaccine adjuvant,10,https://violinet.org/vaxjo/vaxjo_detail.php?c_vaxjo_id=10,CpG DNA Vaccine Adjuvant
VO:0000143,cholera toxin vaccine adjuvant,11,https://violinet.org/vaxjo/vaxjo_detail.php?c_vaxjo_id=11,Cholera toxin
VO:0001242,cholera toxin B subunit vaccine adjuvant,12,https://violinet.org/vaxjo/vaxjo_detail.php?c_vaxjo_id=12,Cholera toxin B subunit
VO:0000366,liposome-based vaccine adjuvant,13,https://violinet.org/vaxjo/vaxjo_detail.php?c_vaxjo_id=13,Liposomes
VO:0001267,saponin vaccine adjuvant,14,https://violinet.org/vaxjo/vaxjo_detail.php?c_vaxjo_id=14,Saponin Vaccine Adjuvant
VO:0001261,DDA vaccine adjuvant,15,https://violinet.org/vaxjo/vaxjo_detail.php?c_vaxjo_id=15,DDA Adjuvant
VO:0000190,squalene vacccine adjuvant,16,https://violinet.org/vaxjo/vaxjo_detail.php?c_vaxjo_id=16,Squalene-based Adjuvants
VO:0001272,EtxB vaccine adjuvant,17,https://violinet.org/vaxjo/vaxjo_detail.php?c_vaxjo_id=17,Etx B subunit Adjuvant
VO:0001147,IL-12 vacince adjuvant,18,https://violinet.org/vaxjo/vaxjo_detail.php?c_vaxjo_id=18,IL-12 Vaccine Adjuvant
VO:0001251,LTK63 vaccine mutant,19,https://violinet.org/vaxjo/vaxjo_detail.php?c_vaxjo_id=19,LTK63 Vaccine Mutant Adjuvant
VO:0001260,Titermax Gold vaccine adjuvant,20,https://violinet.org/vaxjo/vaxjo_detail.php?c_vaxjo_id=20,TiterMax Gold Adjuvant
VO:0001238,Ribi vaccine adjuvant,21,https://violinet.org/vaxjo/vaxjo_detail.php?c_vaxjo_id=21,Ribi Vaccine Adjuvant
VO:0000146,Corynebacterium-derived P40 vaccine adjuvant,23,https://violinet.org/vaxjo/vaxjo_detail.php?c_vaxjo_id=23,Corynebacterium-derived P40 Vaccine Adjuvant
VO:0001250,monophosphoryl lipid A vaccine adjuvant,24,https://violinet.org/vaxjo/vaxjo_detail.php?c_vaxjo_id=24,MPL™ Adjuvant
VO:0001265,AS04 vaccine adjuvant,25,https://violinet.org/vaxjo/vaxjo_detail.php?c_vaxjo_id=25,AS04
VO:0000181,lipopolysaccharide vaccine adjuvant,27,https://violinet.org/vaxjo/vaxjo_detail.php?c_vaxjo_id=27,Lipopolysaccharide Vaccine Adjuvant
VO:0000187,muramyl dipeptide vaccine adjuvant,28,https://violinet.org/vaxjo/vaxjo_detail.php?c_vaxjo_id=28,Muramyl Dipeptide Adjuvant
VO:0001318,CRL1005 vaccine adjuvant,29,https://violinet.org/vaxjo/vaxjo_detail.php?c_vaxjo_id=29,CRL1005
VO:0001259,killed Corynebacterium parvum vaccine adjuvant,30,https://violinet.org/vaxjo/vaxjo_detail.php?c_vaxjo_id=30,Killed Corynebacterium parvum Vaccine Adjuvant
VO:0001270,Montanide ISA51 vaccine adjuvant,31,https://violinet.org/vaxjo/vaxjo_detail.php?c_vaxjo_id=31,Montanide ISA 51
VO:0000193,Bordetella pertussis component vaccine adjuvant,32,https://violinet.org/vaxjo/vaxjo_detail.php?c_vaxjo_id=32,Bordetella pertussis component Vaccine Adjuvant
VO:0001262,cationic liposomal vaccine adjuvant,33,https://violinet.org/vaxjo/vaxjo_detail.php?c_vaxjo_id=33,Cationic Liposomal Vaccine Adjuvant
VO:0000559,adamantylamide dipeptide vaccine adjuvant,34,https://violinet.org/vaxjo/vaxjo_detail.php?c_vaxjo_id=34,Adamantylamide Dipeptide Vaccine Adjuvant
VO:0000191,arlacel A vaccine adjuvant,35,https://violinet.org/vaxjo/vaxjo_detail.php?c_vaxjo_id=35,Arlacel A
VO:0001266,VSA-3 vaccine adjuvant,36,https://violinet.org/vaxjo/vaxjo_detail.php?c_vaxjo_id=36,VSA-3 Adjuvant
VO:0000884,aluminum vaccine adjuvant,37,https://violinet.org/vaxjo/vaxjo_detail.php?c_vaxjo_id=37,Aluminum vaccine adjuvant
VO:0001273,Polygen vaccine adjuvant,38,https://violinet.org/vaxjo/vaxjo_detail.php?c_vaxjo_id=38,Polygen Vaccine Adjuvant
VO:0000351,Adjumer vaccine adjuvant,39,https://violinet.org/vaxjo/vaxjo_detail.php?c_vaxjo_id=39,Adjumer
VO:0001285,Algal Glucan vaccine adjuvant,40,https://violinet.org/vaxjo/vaxjo_detail.php?c_vaxjo_id=40,Algal Glucan
VO:0001287,BAY R1005 vaccine adjuvant,41,https://violinet.org/vaxjo/vaxjo_detail.php?c_vaxjo_id=41,Bay R1005
VO:0001317,Theramide vaccine adjuvant,42,https://violinet.org/vaxjo/vaxjo_detail.php?c_vaxjo_id=42,Theramide®
VO:0001316,stearyl tyrosine vaccine adjuvant,43,https://violinet.org/vaxjo/vaxjo_detail.php?c_vaxjo_id=43,Stearyl Tyrosine
VO:0001314,Specol vaccine adjuvant,44,https://violinet.org/vaxjo/vaxjo_detail.php?c_vaxjo_id=44,Specol
VO:0001286,Algammulin vaccine adjuvant,45,https://violinet.org/vaxjo/vaxjo_detail.php?c_vaxjo_id=45,Algammulin
VO:0001288,Avridine vaccine adjuvant,46,https://violinet.org/vaxjo/vaxjo_detail.php?c_vaxjo_id=46,Avridine®
VO:0001289,calcium phosphate gel vaccine adjuvant,47,https://violinet.org/vaxjo/vaxjo_detail.php?c_vaxjo_id=47,Calcium Phosphate Gel
VO:0001290,cholera toxin A1-subunit-ProteinA D-fragment fusion protein,48,https://violinet.org/vaxjo/vaxjo_detail.php?c_vaxjo_id=48,CTA1-DD gene fusion protein
VO:0001291,DOC/Alum Complex vaccine adjuvant,49,https://violinet.org/vaxjo/vaxjo_detail.php?c_vaxjo_id=49,DOC/Alum Complex
VO:0001292,gamma Inulin vaccine adjuvant,50,https://violinet.org/vaxjo/vaxjo_detail.php?c_vaxjo_id=50,Gamma Inulin
VO:0001293,Gerbu vaccine adjuvant,51,https://violinet.org/vaxjo/vaxjo_detail.php?c_vaxjo_id=51,Gerbu Adjuvant
VO:0001294,GM-CSF vaccine adjuvant,52,https://violinet.org/vaxjo/vaxjo_detail.php?c_vaxjo_id=52,GM-CSF
VO:0001295,GMDP vaccine adjuvant,53,https://violinet.org/vaxjo/vaxjo_detail.php?c_vaxjo_id=53,GMDP
VO:0001296,recombinant hIFN-gamma/Interferon-g vaccine adjuvant,54,https://violinet.org/vaxjo/vaxjo_detail.php?c_vaxjo_id=54,Recombinant hIFN-gamma/Interferon-g
VO:0001297,IL-1b vaccine adjuvant,55,https://violinet.org/vaxjo/vaxjo_detail.php?c_vaxjo_id=55,Interleukin-1β
VO:0001298,interleukin-2 vaccine adjuvant,56,https://violinet.org/vaxjo/vaxjo_detail.php?c_vaxjo_id=56,Interleukin-2
VO:0001299,IL-7 vaccine adjuvant,57,https://violinet.org/vaxjo/vaxjo_detail.php?c_vaxjo_id=57,Interleukin-7
VO:0001313,Sclavo peptide vaccine adjuvant,58,https://violinet.org/vaxjo/vaxjo_detail.php?c_vaxjo_id=58,Sclavo peptide
VO:0001312,Rehydragel LV vaccine adjuvant,59,https://violinet.org/vaxjo/vaxjo_detail.php?c_vaxjo_id=59,Rehydragel LV
VO:0001311,Rehydragel HPA vaccine adjuvant,60,https://violinet.org/vaxjo/vaxjo_detail.php?c_vaxjo_id=60,Rehydragel HPA
VO:0001300,Loxoribine vaccine adjuvant,61,https://violinet.org/vaxjo/vaxjo_detail.php?c_vaxjo_id=61,Loxoribine
VO:0001301,MF59 vaccine adjuvant,62,https://violinet.org/vaxjo/vaxjo_detail.php?c_vaxjo_id=62,MF59
VO:0001302,MTP-PE Liposomes vaccine adjuvant,63,https://violinet.org/vaxjo/vaxjo_detail.php?c_vaxjo_id=63,MTP-PE Liposomes
VO:0001303,Murametide vaccine adjuvant,64,https://violinet.org/vaxjo/vaxjo_detail.php?c_vaxjo_id=64,Murametide
VO:0001304,Murapalmitine vaccine adjuvant,65,https://violinet.org/vaxjo/vaxjo_detail.php?c_vaxjo_id=65,Murapalmitine
VO:0001305,D-Murapalmitine vaccine adjuvant,66,https://violinet.org/vaxjo/vaxjo_detail.php?c_vaxjo_id=66,D-Murapalmitine
VO:0001306,NAGO vaccine adjuvant,67,https://violinet.org/vaxjo/vaxjo_detail.php?c_vaxjo_id=67,NAGO
VO:0001307,non-ionic surfactant vesicles vaccine adjuvant,68,https://violinet.org/vaxjo/vaxjo_detail.php?c_vaxjo_id=68,Non-Ionic Surfactant Vesicles
VO:0001308,PMMA vaccine adjuvant,69,https://violinet.org/vaxjo/vaxjo_detail.php?c_vaxjo_id=69,PMMA
VO:0001309,protein cochleates vaccine adjuvant,70,https://violinet.org/vaxjo/vaxjo_detail.php?c_vaxjo_id=70,Protein Cochleates
VO:0001310,QS-21 vaccine adjuvant,71,https://violinet.org/vaxjo/vaxjo_detail.php?c_vaxjo_id=71,QS-21
VO:0001315,SPT (Antigen Formulation) vaccine adjuvant,72,https://violinet.org/vaxjo/vaxjo_detail.php?c_vaxjo_id=72,SPT (Antigen Formulation)
VO:0001263,QuilA vaccine adjuvant,73,https://violinet.org/vaxjo/vaxjo_detail.php?c_vaxjo_id=73,Quil-A vaccine adjuvant
VO:0001239,RC529 vaccine adjuvant,74,https://violinet.org/vaxjo/vaxjo_detail.php?c_vaxjo_id=74,RC529 vaccine adjuvant
VO:0001319,nanoemulsion vaccine adjuvant,75,https://violinet.org/vaxjo/vaxjo_detail.php?c_vaxjo_id=75,nanoemulsion vaccine adjuvant
VO:0001320,AS03 vaccine adjuvant,76,https://violinet.org/vaxjo/vaxjo_detail.php?c_vaxjo_id=76,AS03
VO:0001321,LTR192G vaccine adjuvant,77,https://violinet.org/vaxjo/vaxjo_detail.php?c_vaxjo_id=77,LTR192G Vaccine Adjuvant
VO:0001322,E. coli heat-labile toxin vaccine adjuvant,78,https://violinet.org/vaxjo/vaxjo_detail.php?c_vaxjo_id=78,"E. coli heat-labile toxin, LT"
VO:0001323,amorphous aluminum hydroxyphosphate sulfate adjuvant,79,https://violinet.org/vaxjo/vaxjo_detail.php?c_vaxjo_id=79,amorphous aluminum hydroxyphosphate sulfate adjuvant
VO:0000131,calcium phosphate vaccine adjuvant,80,https://violinet.org/vaxjo/vaxjo_detail.php?c_vaxjo_id=80,Calcium phosphate vaccine adjuvant
VO:0001269,Montanide incomplete Seppic adjuvant,81,https://violinet.org/vaxjo/vaxjo_detail.php?c_vaxjo_id=81,Montanide Incomplete Seppic Adjuvant
VO:0001328,imiquimod vaccine adjuvant,82,https://violinet.org/vaxjo/vaxjo_detail.php?c_vaxjo_id=82,Imiquimod
VO:0001329,resiquimod vaccine adjuvant,83,https://violinet.org/vaxjo/vaxjo_detail.php?c_vaxjo_id=83,Resiquimod
VO:0001330,AF03 vaccine adjuvant,84,https://violinet.org/vaxjo/vaxjo_detail.php?c_vaxjo_id=84,AF03
VO:0001331,Flagellin vaccine adjuvant,85,https://violinet.org/vaxjo/vaxjo_detail.php?c_vaxjo_id=85,Flagellin
VO:0001333,ISCOMATRIX vaccine adjuvant,87,https://violinet.org/vaxjo/vaxjo_detail.php?c_vaxjo_id=87,ISCOMATRIX®
VO:0001334,Abisco-100 vaccine adjuvant,89,https://violinet.org/vaxjo/vaxjo_detail.php?c_vaxjo_id=89,Abisco-100 vaccine adjuvant
VO:0001335,albumin-heparin microparticles vaccine adjuvant,90,https://violinet.org/vaxjo/vaxjo_detail.php?c_vaxjo_id=90,Albumin-heparin microparticles vaccine adjuvant
VO:0001264,AS02 vaccine adjuvant,91,https://violinet.org/vaxjo/vaxjo_detail.php?c_vaxjo_id=91,AS-2 vaccine adjuvant
VO:0001337,B7-2 vaccine adjuvant,92,https://violinet.org/vaxjo/vaxjo_detail.php?c_vaxjo_id=92,B7-2 vaccine adjuvant
VO:0001340,DHEA vaccine adjuvant,93,https://violinet.org/vaxjo/vaxjo_detail.php?c_vaxjo_id=93,DHEA vaccine adjuvant
VO:0001343,immunoliposomes vaccine adjuvant containing antibodies to costimulatory molecules,94,https://violinet.org/vaxjo/vaxjo_detail.php?c_vaxjo_id=94,Immunoliposomes Containing Antibodies to Costimulatory Molecules
VO:0001349,SAF-1 vaccine adjuvant,96,https://violinet.org/vaxjo/vaxjo_detail.php?c_vaxjo_id=96,SAF-1
VO:0001350,"Sendai Proteoliposomes, Sendai-containing Lipid Matrices vaccine adjuvant",97,https://violinet.org/vaxjo/vaxjo_detail.php?c_vaxjo_id=97,"Sendai Proteoliposomes, Sendai-containing Lipid Matrices"
VO:0001351,threonyl muramyl dipeptide (TMDP) vaccine adjuvant,98,https://violinet.org/vaxjo/vaxjo_detail.php?c_vaxjo_id=98,Threonyl muramyl dipeptide (TMDP)
VO:0001352,ty particles vaccine adjuvant,99,https://violinet.org/vaxjo/vaxjo_detail.php?c_vaxjo_id=99,Ty Particles vaccine adjuvant
VO:0001338,Bupivacaine vaccine adjuvant,100,https://violinet.org/vaxjo/vaxjo_detail.php?c_vaxjo_id=100,Bupivacaine vaccine adjuvant
VO:0001341,DL-PGL (Polyester poly (DL-lactide-co-glycolide)) vaccine adjuvant,101,https://violinet.org/vaxjo/vaxjo_detail.php?c_vaxjo_id=101,DL-PGL (Polyester poly (DL-lactide-co-glycolide)) vaccine adjuvant
VO:0001342,IL-15 vaccine adjuvant,102,https://violinet.org/vaxjo/vaxjo_detail.php?c_vaxjo_id=102,IL-15 vaccine adjuvant
VO:0001344,LTR72 vaccine adjuvant,103,https://violinet.org/vaxjo/vaxjo_detail.php?c_vaxjo_id=103,LTR72 vaccine adjuvant
VO:0001345,MPL-SE vaccine adjuvant,104,https://violinet.org/vaxjo/vaxjo_detail.php?c_vaxjo_id=104,MPL-SE vaccine adjuvant
VO:0001347,non-toxic mutant E112K of Cholera Toxin mCT-E112K vaccine adjuvant,105,https://violinet.org/vaxjo/vaxjo_detail.php?c_vaxjo_id=105,non-toxic mutant E112K of Cholera Toxin mCT-E112K
VO:0001324,Matrix-S vaccine adjuvant,106,https://violinet.org/vaxjo/vaxjo_detail.php?c_vaxjo_id=106,Matrix-S
VO:0005649,LT-IIb vaccine adjuvant,110,https://violinet.org/vaxjo/vaxjo_detail.php?c_vaxjo_id=110,LT-IIb
VO:0005586,CTA2B vaccine adjuvant,111,https://violinet.org/vaxjo/vaxjo_detail.php?c_vaxjo_id=111,CTA2B
VO:0005301,Alhydroxiquim-II vaccine adjuvant,113,https://violinet.org/vaxjo/vaxjo_detail.php?c_vaxjo_id=113,Alhydroxiquim-II
VO:0005270,1V270 vaccine adjuvant,114,https://violinet.org/vaxjo/vaxjo_detail.php?c_vaxjo_id=114,1V270
VO:0005271,2B182C vaccine adjuvant,115,https://violinet.org/vaxjo/vaxjo_detail.php?c_vaxjo_id=115,2B182C
VO:0005281,2E151 vaccine adjuvant,116,https://violinet.org/vaxjo/vaxjo_detail.php?c_vaxjo_id=116,2E151
VO:0005303,2F52 vaccine adjuvant,117,https://violinet.org/vaxjo/vaxjo_detail.php?c_vaxjo_id=117,2F52
VO:0005302,Adjuplex+GLA vaccine adjuvant,118,https://violinet.org/vaxjo/vaxjo_detail.php?c_vaxjo_id=118,Adjuplex+GLA
VO:0005207,Advax vaccine adjuvant,119,https://violinet.org/vaxjo/vaxjo_detail.php?c_vaxjo_id=119,Advax
VO:0005324,Advax-CpG55.2 vaccine adjuvant,120,https://violinet.org/vaxjo/vaxjo_detail.php?c_vaxjo_id=120,Advax-CpG55.2
VO:0005300,AlT3 vaccine adjuvant,121,https://violinet.org/vaxjo/vaxjo_detail.php?c_vaxjo_id=121,AlT3
VO:0005299,AlT4 vaccine adjuvant,122,https://violinet.org/vaxjo/vaxjo_detail.php?c_vaxjo_id=122,AlT4
VO:0005298,BECC438b vaccine adjuvant,123,https://violinet.org/vaxjo/vaxjo_detail.php?c_vaxjo_id=123,BECC438b
VO:0005297,BECC438s vaccine adjuvant,124,https://violinet.org/vaxjo/vaxjo_detail.php?c_vaxjo_id=124,BECC438s
VO:0005296,BECC470b vaccine adjuvant,125,https://violinet.org/vaxjo/vaxjo_detail.php?c_vaxjo_id=125,BECC470b
VO:0005295,CaPNP (CaPtivant)(TM) vaccine adjuvant,126,https://violinet.org/vaxjo/vaxjo_detail.php?c_vaxjo_id=126,CaPNP (CaPtivant)(TM)
VO:0005330,CPDI-01 vaccine adjuvant,127,https://violinet.org/vaxjo/vaxjo_detail.php?c_vaxjo_id=127,CPDI-01
VO:0005294,defective viral genome-derived oligonucleotide vaccine adjuvant,128,https://violinet.org/vaxjo/vaxjo_detail.php?c_vaxjo_id=128,DDO (Defective derived oligonucleotide)
VO:0005329,dmLT vaccine adjuvant,129,https://violinet.org/vaxjo/vaxjo_detail.php?c_vaxjo_id=129,dmLT (double mutant of heat-labile E.coli)
VO:0005293,Em vaccine adjuvant,130,https://violinet.org/vaxjo/vaxjo_detail.php?c_vaxjo_id=130,Em
VO:0006097,2G023A vaccine adjuvant,137,https://violinet.org/vaxjo/vaxjo_detail.php?c_vaxjo_id=137,2G023A
VO:0006098,2G053 vaccine adjuvant,139,https://violinet.org/vaxjo/vaxjo_detail.php?c_vaxjo_id=139,2GO53
VO:0005474,3M-052-AF vaccine adjuvant,140,https://violinet.org/vaxjo/vaxjo_detail.php?c_vaxjo_id=140,3M-052-AF
VO:0005387,3M-052-Alum vaccine adjuvant,141,https://violinet.org/vaxjo/vaxjo_detail.php?c_vaxjo_id=141,3M-052-Alum
VO:0005386,3M-052-SE vaccine adjuvant,142,https://violinet.org/vaxjo/vaxjo_detail.php?c_vaxjo_id=142,3M-052-SE
VO:0005515,7DW8-5 vaccine adjuvant,143,https://violinet.org/vaxjo/vaxjo_detail.php?c_vaxjo_id=143,7DW8-5
VO:0006103,A-910823 vaccine adjuvant,144,https://violinet.org/vaxjo/vaxjo_detail.php?c_vaxjo_id=144,A-910823
VO:0006106,ACM-CpG vaccine adjuvant,145,https://violinet.org/vaxjo/vaxjo_detail.php?c_vaxjo_id=145,ACM-CPG
VO:0006096,ALFQ vaccine adjuvant,146,https://violinet.org/vaxjo/vaxjo_detail.php?c_vaxjo_id=146,ALFQ
VO:0005383,BECC470s vaccine adjuvant,148,https://violinet.org/vaxjo/vaxjo_detail.php?c_vaxjo_id=148,BECC470s
VO:0005507,Bl-Eng2 vaccine adjuvant,149,https://violinet.org/vaxjo/vaxjo_detail.php?c_vaxjo_id=149,BI-Eng2
VO:0005508,Bl-Eng2+Adjuplex vaccine adjuvant,150,https://violinet.org/vaxjo/vaxjo_detail.php?c_vaxjo_id=150,BI-Eng2+Adjuplex
VO:0005483,CAF01 vaccine adjuvant,151,https://violinet.org/vaxjo/vaxjo_detail.php?c_vaxjo_id=151,CAF-01
VO:0005473,CAF09b vaccine adjuvant,152,https://violinet.org/vaxjo/vaxjo_detail.php?c_vaxjo_id=152,CAF-09
VO:0006107,cowpea mosaic virus vaccine adjuvant,153,https://violinet.org/vaxjo/vaxjo_detail.php?c_vaxjo_id=153,Cowpea Mosaic Virus
VO:0006093,CPDI-02 vaccine adjuvant,154,https://violinet.org/vaxjo/vaxjo_detail.php?c_vaxjo_id=154,CPDI-02
VO:0005292,EmT4 vaccine adjuvant,155,https://violinet.org/vaxjo/vaxjo_detail.php?c_vaxjo_id=155,EmT4
VO:0005510,EVAX-B vaccine adjuvant,156,https://violinet.org/vaxjo/vaxjo_detail.php?c_vaxjo_id=156,Evax-B
VO:0005511,EVAX-S vaccine adjuvant,157,https://violinet.org/vaxjo/vaxjo_detail.php?c_vaxjo_id=157,Evax-S
VO:0005291,Fos47 vaccine adjuvant,158,https://violinet.org/vaxjo/vaxjo_detail.php?c_vaxjo_id=158,Fos47
VO:0005385,GLA-3M-052-LS vaccine adjuvant,159,https://violinet.org/vaxjo/vaxjo_detail.php?c_vaxjo_id=159,GLA-3M-052-LS
VO:0005424,GLA-AF vaccine adjuvant,160,https://violinet.org/vaxjo/vaxjo_detail.php?c_vaxjo_id=160,GLA-AF
VO:0006099,GLA-Alum vaccine adjuvant,161,https://violinet.org/vaxjo/vaxjo_detail.php?c_vaxjo_id=161,GLA-Alum
VO:0005421,GLA-SLQ vaccine adjuvant,162,https://violinet.org/vaxjo/vaxjo_detail.php?c_vaxjo_id=162,GLA-LSQ
VO:0005420,GLA-SE vaccine adjuvant,163,https://violinet.org/vaxjo/vaxjo_detail.php?c_vaxjo_id=163,GLA-SE
VO:0005509,IL-12-MOP (CTX-1796) vaccine adjuvant,164,https://violinet.org/vaxjo/vaxjo_detail.php?c_vaxjo_id=164,IL-12-MOP
VO:0005290,INI-2002 vaccine adjuvant,165,https://violinet.org/vaxjo/vaxjo_detail.php?c_vaxjo_id=165,INI-2002
VO:0005289,INI-2004 vaccine adjuvant,166,https://violinet.org/vaxjo/vaxjo_detail.php?c_vaxjo_id=166,INI-2004
VO:0005288,INI-4001 vaccine adjuvant,167,https://violinet.org/vaxjo/vaxjo_detail.php?c_vaxjo_id=167,INI-4001
VO:0005287,LiT4 vaccine adjuvant,168,https://violinet.org/vaxjo/vaxjo_detail.php?c_vaxjo_id=168,LiT4
VO:0006092,LMQ vaccine adjuvant,169,https://violinet.org/vaxjo/vaxjo_detail.php?c_vaxjo_id=169,LMQ
VO:0005390,LQ vaccine adjuvant,170,https://violinet.org/vaxjo/vaxjo_detail.php?c_vaxjo_id=170,LQ
VO:0005355,LTA1 vaccine adjuvant,171,https://violinet.org/vaxjo/vaxjo_detail.php?c_vaxjo_id=171,LTA1
VO:0005286,Mannadjuvant,172,https://violinet.org/vaxjo/vaxjo_detail.php?c_vaxjo_id=172,Mannadjuvant
VO:0005471,MAS-1 vaccine adjuvant,173,https://violinet.org/vaxjo/vaxjo_detail.php?c_vaxjo_id=173,MAS-1
VO:0005381,Mast cell activator small molecules vaccine adjuvant,174,https://violinet.org/vaxjo/vaxjo_detail.php?c_vaxjo_id=174,Mast Cell Activator Small Muscles
VO:0005380,Mastoparan 7 vaccine adjuvant,175,https://violinet.org/vaxjo/vaxjo_detail.php?c_vaxjo_id=175,Mastoparan 7
VO:0005419,MicroCrystalline Tyrosine vaccine adjuvant,176,https://violinet.org/vaxjo/vaxjo_detail.php?c_vaxjo_id=176,MicroCyrstalline Tyrosine® (MCT)
VO:0005285,MiT4 vaccine adjuvant,177,https://violinet.org/vaxjo/vaxjo_detail.php?c_vaxjo_id=177,MiT4
VO:0005657,MSP-102 vaccine adjuvant,178,https://violinet.org/vaxjo/vaxjo_detail.php?c_vaxjo_id=178,MSP-102
VO:0005475,NanoAlum vaccine adjuvant,179,https://violinet.org/vaxjo/vaxjo_detail.php?c_vaxjo_id=179,NanoAlum
VO:0005476,Nanostructured Lipid Carrier (NLC) vaccine adjuvant,180,https://violinet.org/vaxjo/vaxjo_detail.php?c_vaxjo_id=180,Nanostructured Lipid Carrier (NLC)
VO:0005284,NanoVax/NE01 vaccine adjuvant,181,https://violinet.org/vaxjo/vaxjo_detail.php?c_vaxjo_id=181,NanoVax/NE01
VO:0006108,nexavant vaccine adjuvant,182,https://violinet.org/vaxjo/vaxjo_detail.php?c_vaxjo_id=182,Nexavant
VO:0005379,PIKA vaccine adjuvant,183,https://violinet.org/vaxjo/vaxjo_detail.php?c_vaxjo_id=183,PIKA
VO:0005677,PI-RI vaccine adjuvant,184,https://violinet.org/vaxjo/vaxjo_detail.php?c_vaxjo_id=184,PI-RI
VO:0005678,PI-sRI vaccine adjuvant,185,https://violinet.org/vaxjo/vaxjo_detail.php?c_vaxjo_id=185,PI-sRI
VO:0005382,Precision Vaccines Program (PVP)-037 vaccine adjuvant,186,https://violinet.org/vaxjo/vaxjo_detail.php?c_vaxjo_id=186,Precision Vaccines Program (PVP)-037
VO:0006105,precision vaccines program-057 vaccine adjuvant,187,https://violinet.org/vaxjo/vaxjo_detail.php?c_vaxjo_id=187,Precision Vaccines Program (PVP)-057
VO:0005472,ProLNG-S vaccine adjuvant,188,https://violinet.org/vaxjo/vaxjo_detail.php?c_vaxjo_id=188,Pro-LNG-S
VO:0005327,rOv-ASP-1 vaccine adjuvant,189,https://violinet.org/vaxjo/vaxjo_detail.php?c_vaxjo_id=189,rOv-ASP-1
VO:0006104,S-540956 vaccine adjuvant,190,https://violinet.org/vaxjo/vaxjo_detail.php?c_vaxjo_id=190,S-540956
VO:0005482,SLA-AF vaccine adjuvant,192,https://violinet.org/vaxjo/vaxjo_detail.php?c_vaxjo_id=192,SLA-AF
VO:0006100,SLA-Alum vaccine adjuvant,193,https://violinet.org/vaxjo/vaxjo_detail.php?c_vaxjo_id=193,SLA-Alum
VO:0005422,SLA-LSQ vaccine adjuvant,194,https://violinet.org/vaxjo/vaxjo_detail.php?c_vaxjo_id=194,SLA-LSQ
VO:0005423,SLA-SE vaccine adjuvant,195,https://violinet.org/vaxjo/vaxjo_detail.php?c_vaxjo_id=195,SLA-SE
VO:0005389,SQ vaccine adjuvant,196,https://violinet.org/vaxjo/vaxjo_detail.php?c_vaxjo_id=196,SQ
VO:0006101,Stable Emulsion (SE) vaccine adjuvant,197,https://violinet.org/vaxjo/vaxjo_detail.php?c_vaxjo_id=197,Stable Emulsion (SE) vaccine adjuvant
VO:0005388,SWE vaccine adjuvant,198,https://violinet.org/vaxjo/vaxjo_detail.php?c_vaxjo_id=198,SWE
VO:0005283,TQL-1055 vaccine adjuvant,199,https://violinet.org/vaxjo/vaxjo_detail.php?c_vaxjo_id=199,TQL-1055
VO:0005384,TRAC478 vaccine adjuvant,200,https://violinet.org/vaxjo/vaxjo_detail.php?c_vaxjo_id=200,TRAC478
VO:0005375,T-vant vaccine adjuvant,201,https://violinet.org/vaxjo/vaxjo_detail.php?c_vaxjo_id=201,T-vant
VO:0005282,UM-1098 vaccine adjuvant,202,https://violinet.org/vaxjo/vaxjo_detail.php?c_vaxjo_id=202,UM-1098
VO:0005354,UM-3003 vaccine adjuvant,203,https://violinet.org/vaxjo/vaxjo_detail.php?c_vaxjo_id=203,UM-3003
VO:0005353,UM-3004 vaccine adjuvant,204,https://violinet.org/vaxjo/vaxjo_detail.php?c_vaxjo_id=204,UM-3004
VO:0005337,UM-3005 vaccine adjuvant,205,https://violinet.org/vaxjo/vaxjo_detail.php?c_vaxjo_id=205,UM-3005
VO:0005326,VSA-1 vaccine adjuvant,206,https://violinet.org/vaxjo/vaxjo_detail.php?c_vaxjo_id=206,VSA-1
VO:0005325,VSA-2 vaccine adjuvant,207,https://violinet.org/vaxjo/vaxjo_detail.php?c_vaxjo_id=207,VSA-2
VO:0005557,CDG vaccine adjuvant,210,https://violinet.org/vaxjo/vaxjo_detail.php?c_vaxjo_id=210,CDG
VO:0005646,LIGHT vaccine adjuvant,211,https://violinet.org/vaxjo/vaxjo_detail.php?c_vaxjo_id=211,LIGHT
VO:0005524,Alarmin vaccine adjuvant,212,https://violinet.org/vaxjo/vaxjo_detail.php?c_vaxjo_id=212,Alarmin IL-33
VO:0005584,CTA vaccine adjuvant,213,https://violinet.org/vaxjo/vaxjo_detail.php?c_vaxjo_id=213,CTA
VO:0005635,IMP321 vaccine adjuvant,214,https://violinet.org/vaxjo/vaxjo_detail.php?c_vaxjo_id=214,IMP321
VO:0005587,CTB vaccine adjuvant,215,https://violinet.org/vaxjo/vaxjo_detail.php?c_vaxjo_id=215,CTB
VO:0005610,glycated chitosan vaccine adjuvant,216,https://violinet.org/vaxjo/vaxjo_detail.php?c_vaxjo_id=216,glycated chitosan
VO:0005642,KML-B vaccine adjuvant,217,https://violinet.org/vaxjo/vaxjo_detail.php?c_vaxjo_id=217,KML-B
VO:0005595,D-mannose vaccine adjuvant,218,https://violinet.org/vaxjo/vaxjo_detail.php?c_vaxjo_id=218,D-mannose
VO:0005660,Myd88 vaccine adjuvant,219,https://violinet.org/vaxjo/vaxjo_detail.php?c_vaxjo_id=219,Myd88
VO:0005579,CpG oligodeoxynucleotide 1826 (CAF10) vaccine adjuvant,221,https://violinet.org/vaxjo/vaxjo_detail.php?c_vaxjo_id=221,CpG oligodeoxynucleotide 1826
VO:0005556,CD226 vaccine adjuvant,222,https://violinet.org/vaxjo/vaxjo_detail.php?c_vaxjo_id=222,CD226
VO:0005609,GITRL vaccine adjuvant,223,https://violinet.org/vaxjo/vaxjo_detail.php?c_vaxjo_id=223,GITRL
VO:0005690,porous silicon microparticle vaccine adjuvant,224,https://violinet.org/vaxjo/vaxjo_detail.php?c_vaxjo_id=224,porous silicon microparticle
VO:0005683,PLGA nanoparticle vaccine adjuvant,225,https://violinet.org/vaxjo/vaxjo_detail.php?c_vaxjo_id=225,PLGA
VO:0005637,IPMP vaccine adjuvant,226,https://violinet.org/vaxjo/vaxjo_detail.php?c_vaxjo_id=226,IPMPs
VO:0005724,α-galactosylceramide vaccine adjuvant,227,https://violinet.org/vaxjo/vaxjo_detail.php?c_vaxjo_id=227,α-galactosylceramide
VO:0005598,DOTAP and DP7-C liposomes vaccine adjuvant,229,https://violinet.org/vaxjo/vaxjo_detail.php?c_vaxjo_id=229,DOTAP and DP7-C liposomes
VO:0005673,PAPE vaccine adjuvant,230,https://violinet.org/vaxjo/vaxjo_detail.php?c_vaxjo_id=230,PAPE
VO:0005705,sPD-1 vaccine adjuvant,231,https://violinet.org/vaxjo/vaxjo_detail.php?c_vaxjo_id=231,sPD-1
VO:0005640,ISG15 vaccine adjuvant,232,https://violinet.org/vaxjo/vaxjo_detail.php?c_vaxjo_id=232,ISG15
VO:0005560,CITCO vaccine adjuvant,233,https://violinet.org/vaxjo/vaxjo_detail.php?c_vaxjo_id=233,CITCO
VO:0005729,AAV-IL-27 vaccine adjuvant,234,https://violinet.org/vaxjo/vaxjo_detail.php?c_vaxjo_id=234,AAV-IL-27
VO:0005526,Algel-IMDQ vaccine adjuvant,235,https://violinet.org/vaxjo/vaxjo_detail.php?c_vaxjo_id=235,Algel-IMDQ
VO:0005735,STING V155M vaccine adjuvant,237,https://violinet.org/vaxjo/vaxjo_detail.php?c_vaxjo_id=237,V155M
VO:0005575,CoVaccine HT™ vaccine adjuvant,238,https://violinet.org/vaxjo/vaxjo_detail.php?c_vaxjo_id=238,CoVaccine HT™
VO:0005688,PolyIC:LC vaccine adjuvant,239,https://violinet.org/vaxjo/vaxjo_detail.php?c_vaxjo_id=239,PolyIC:LC
VO:0005689,polysorbitol-co-PEI polymer,240,https://violinet.org/vaxjo/vaxjo_detail.php?c_vaxjo_id=240,polysorbitol-co-PEI polymer
VO:0005597,DLinDMA vaccine adjuvant,241,https://violinet.org/vaxjo/vaxjo_detail.php?c_vaxjo_id=241,DLinDMA
VO:0005521,AH:CpG vaccine adjuvant,243,https://violinet.org/vaxjo/vaxjo_detail.php?c_vaxjo_id=243,AH:CpG
VO:0005728,rcIL-15 vaccine adjuvant,244,https://violinet.org/vaxjo/vaxjo_detail.php?c_vaxjo_id=244,rcIL-15
VO:0005549,CBP-12 vaccine adjuvant,245,https://violinet.org/vaxjo/vaxjo_detail.php?c_vaxjo_id=245,CBP-12
VO:0005643,Kynurenine vaccine adjuvant,246,https://violinet.org/vaxjo/vaxjo_detail.php?c_vaxjo_id=246,Kynurenine
VO:0005718,TLR7-8 RNA ligands vaccine adjuvant,247,https://violinet.org/vaxjo/vaxjo_detail.php?c_vaxjo_id=247,TLR7-8 RNA ligands
VO:0005604,Fuc-Sc vaccine adjuvant,248,https://violinet.org/vaxjo/vaxjo_detail.php?c_vaxjo_id=248,Fuc-Sc
VO:0005668,OVA-csNLCs vaccine adjuvant,249,https://violinet.org/vaxjo/vaxjo_detail.php?c_vaxjo_id=249,OVA-csNLCs
VO:0005588,curcumin vaccine adjuvant,250,https://violinet.org/vaxjo/vaxjo_detail.php?c_vaxjo_id=250,curcumin
VO:0005629,IL-21 vaccine adjuvant,251,https://violinet.org/vaxjo/vaxjo_detail.php?c_vaxjo_id=251,IL-21
VO:0005676,PhotothermalPhage vaccine adjuvant,252,https://violinet.org/vaxjo/vaxjo_detail.php?c_vaxjo_id=252,PhotothermalPhage
VO:0005625,IFN-beta vaccine adjuvant,253,https://violinet.org/vaxjo/vaxjo_detail.php?c_vaxjo_id=253,IFNβ
VO:0005698,rNDV-mOX40L vaccine adjuvant,254,https://violinet.org/vaxjo/vaxjo_detail.php?c_vaxjo_id=254,rNDV-mOX40L
VO:0005650,Man-TLR7 vaccine adjuvant,256,https://violinet.org/vaxjo/vaxjo_detail.php?c_vaxjo_id=256,Man-TLR7
VO:0005532,AP vaccine adjuvant,257,https://violinet.org/vaxjo/vaxjo_detail.php?c_vaxjo_id=257,AP adjuvant
VO:0005700,Rv3628 vaccine adjuvant,258,https://violinet.org/vaxjo/vaxjo_detail.php?c_vaxjo_id=258,Rv3628
VO:0006095,SMNP vaccine adjuvant,260,https://violinet.org/vaxjo/vaxjo_detail.php?c_vaxjo_id=260,saponin and MPLA nanoparticles
VO:0005589,CVC1302 vaccine adjuvant,261,https://violinet.org/vaxjo/vaxjo_detail.php?c_vaxjo_id=261,CVC1302
VO:0005719,trichosanthin vaccine adjuvant,263,https://violinet.org/vaxjo/vaxjo_detail.php?c_vaxjo_id=263,trichosanthin
VO:0005714,TF-Al vaccine adjuvant,264,https://violinet.org/vaxjo/vaxjo_detail.php?c_vaxjo_id=264,TF-Al
VO:0005360,chitosan vaccine adjuvant,265,https://violinet.org/vaxjo/vaxjo_detail.php?c_vaxjo_id=265,Chitosan
VO:0005578,CpG M362 vaccine adjuvant,266,https://violinet.org/vaxjo/vaxjo_detail.php?c_vaxjo_id=266,CpG M362
VO:0005682,Platycodin D vaccine adjuvant,267,https://violinet.org/vaxjo/vaxjo_detail.php?c_vaxjo_id=267,Platycodin D
VO:0005680,PLA-b-P(NAS-co-NVP) vaccine adjuvant,268,https://violinet.org/vaxjo/vaxjo_detail.php?c_vaxjo_id=268,PLA-b-P(NAS-co-NVP)
VO:0005704,solid-in-oil-in-water emulsion vaccine adjuvant,269,https://violinet.org/vaxjo/vaxjo_detail.php?c_vaxjo_id=269,solid-in-oil-in-water emulsion
VO:0005628,IL-1R1 vaccine adjuvant,270,https://violinet.org/vaxjo/vaxjo_detail.php?c_vaxjo_id=270,IL-1R1
VO:0005548,caspase-1 vaccine adjuvant,271,https://violinet.org/vaxjo/vaxjo_detail.php?c_vaxjo_id=271,caspase-1
VO:0005611,GM3 vaccine adjuvant,272,https://violinet.org/vaxjo/vaxjo_detail.php?c_vaxjo_id=272,GM3
VO:0005710,t-NanoCpG vaccine adjuvant,273,https://violinet.org/vaxjo/vaxjo_detail.php?c_vaxjo_id=273,t-NanoCpG
VO:0005722,U-Omp19 and alum vaccine adjuvant,274,https://violinet.org/vaxjo/vaxjo_detail.php?c_vaxjo_id=274,U-Omp19 and alum
VO:0005674,PEI-PPAS vaccine adjuvant,275,https://violinet.org/vaxjo/vaxjo_detail.php?c_vaxjo_id=275,PEI-PPAS
VO:0005520,ADP-ribosylating vaccine adjuvant,276,https://violinet.org/vaxjo/vaxjo_detail.php?c_vaxjo_id=276,ADP-ribosylating adjuvant
VO:0005608,Gel-gffy vaccine adjuvant,277,https://violinet.org/vaxjo/vaxjo_detail.php?c_vaxjo_id=277,Gel-gffy
VO:0005630,IL-27 vaccine adjuvant,278,https://violinet.org/vaxjo/vaxjo_detail.php?c_vaxjo_id=278,IL-27
VO:0005607,GC@ICG nanoparticle vaccine adjuvant,279,https://violinet.org/vaxjo/vaxjo_detail.php?c_vaxjo_id=279,GC@ICG nanoparticle
VO:0005687,Polyethyleneimine vaccine adjuvant,280,https://violinet.org/vaxjo/vaxjo_detail.php?c_vaxjo_id=280,Polyethyleneimine
VO:0005746,L. polysaccharide vaccine adjuvant,281,https://violinet.org/vaxjo/vaxjo_detail.php?c_vaxjo_id=281,L. polysaccharide
VO:0005732,VLP@Silica vaccine adjuvant,282,https://violinet.org/vaxjo/vaxjo_detail.php?c_vaxjo_id=282,VLP@Silica
VO:0005551,CCL21 and IL1β vaccine adjuvant,283,https://violinet.org/vaxjo/vaxjo_detail.php?c_vaxjo_id=283,CCL21 and IL1β
VO:0005576,CPG 7909 vaccine adjuvant,284,https://violinet.org/vaxjo/vaxjo_detail.php?c_vaxjo_id=284,CPG 7909
VO:0005675,PET Lipid A vaccine adjuvant,285,https://violinet.org/vaxjo/vaxjo_detail.php?c_vaxjo_id=285,PET Lipid A
VO:0005736,LCP vaccine adjuvant,286,https://violinet.org/vaxjo/vaxjo_detail.php?c_vaxjo_id=286,LCP
VO:0005546,Candida skin test reagent vaccine adjuvant,288,https://violinet.org/vaxjo/vaxjo_detail.php?c_vaxjo_id=288,Candida skin test reagent
VO:0005590,CXCL10-mucin-GPI vaccine adjuvant,289,https://violinet.org/vaxjo/vaxjo_detail.php?c_vaxjo_id=289,CXCL10-mucin-GPI
VO:0005664,NP-R@M-M vaccine adjuvant,290,https://violinet.org/vaxjo/vaxjo_detail.php?c_vaxjo_id=290,NP-R@M-M
VO:0005656,MMG-1 vaccine adjuvant,292,https://violinet.org/vaxjo/vaxjo_detail.php?c_vaxjo_id=292,MMG-1
VO:0005619,hexosomes vaccine adjuvant,293,https://violinet.org/vaxjo/vaxjo_detail.php?c_vaxjo_id=293,hexosomes
VO:0005540,CAF04 vaccine adjuvant,294,https://violinet.org/vaxjo/vaxjo_detail.php?c_vaxjo_id=294,CAF04
VO:0005667,Ophiopogonin D vaccine adjuvant,295,https://violinet.org/vaxjo/vaxjo_detail.php?c_vaxjo_id=295,Ophiopogonin D
VO:0005558,CGAMP vaccine adjuvant,297,https://violinet.org/vaxjo/vaxjo_detail.php?c_vaxjo_id=297,CGAMP
VO:0005592,CXCL11-Fc vaccine adjuvant,298,https://violinet.org/vaxjo/vaxjo_detail.php?c_vaxjo_id=298,CXCL11-Fc
VO:0005593,CXCL9 vaccine adjuvant,300,https://violinet.org/vaxjo/vaxjo_detail.php?c_vaxjo_id=300,CXCL9
VO:0005702,Shrimp anti-lipopolysaccharide factor vaccine adjuvant,301,https://violinet.org/vaxjo/vaxjo_detail.php?c_vaxjo_id=301,Shrimp anti-lipopolysaccharide factor
VO:0005636,IP-PA1 vaccine adjuvant,302,https://violinet.org/vaxjo/vaxjo_detail.php?c_vaxjo_id=302,IP-PA1
VO:0005670,P2Et vaccine adjuvant,303,https://violinet.org/vaxjo/vaxjo_detail.php?c_vaxjo_id=303,P2Et
VO:0005601,FLAB-PSPA vaccine adjuvant,304,https://violinet.org/vaxjo/vaxjo_detail.php?c_vaxjo_id=304,FLAB-PSPA
VO:0005594,CyPA vaccine adjuvant,305,https://violinet.org/vaxjo/vaxjo_detail.php?c_vaxjo_id=305,CyPA
VO:0005725,α-GalCer and MPL vaccine adjuvant,307,https://violinet.org/vaxjo/vaxjo_detail.php?c_vaxjo_id=307,α-GalCer and MPL
VO:0005711,T7-alum vaccine adjuvant,308,https://violinet.org/vaxjo/vaxjo_detail.php?c_vaxjo_id=308,T7-alum
VO:0005518,3pRNA vaccine adjuvant,309,https://violinet.org/vaxjo/vaxjo_detail.php?c_vaxjo_id=309,3pRNA
VO:0005582,Cry protein vaccine adjuvant,312,https://violinet.org/vaxjo/vaxjo_detail.php?c_vaxjo_id=312,Cry proteins
VO:0005617,HBcAg vaccine adjuvant,313,https://violinet.org/vaxjo/vaxjo_detail.php?c_vaxjo_id=313,HBcAg
VO:0005605,G2 vaccine adjuvant,314,https://violinet.org/vaxjo/vaxjo_detail.php?c_vaxjo_id=314,G2
VO:0005654,mesoporous silica nanoparticle vaccine adjuvant,315,https://violinet.org/vaxjo/vaxjo_detail.php?c_vaxjo_id=315,mesoporous silica nanoparticle
VO:0005703,solid nanoemulsion vaccine adjuvant,316,https://violinet.org/vaxjo/vaxjo_detail.php?c_vaxjo_id=316,solid nanoemulsion
VO:0001332,poly(I:C) vaccine adjuvant,318,https://violinet.org/vaxjo/vaxjo_detail.php?c_vaxjo_id=318,TLR3
VO:0005694,RALDH2 vaccine adjuvant,319,https://violinet.org/vaxjo/vaxjo_detail.php?c_vaxjo_id=319,RALDH2
VO:0005577,CpG and DcMNP vaccine adjuvant,320,https://violinet.org/vaxjo/vaxjo_detail.php?c_vaxjo_id=320,CpG andDcMNPs
VO:0005659,MyD88 and CD40 vaccine adjuvant,321,https://violinet.org/vaxjo/vaxjo_detail.php?c_vaxjo_id=321,MyD88/CD40
VO:0005552,GPI-CCL28 vaccine adjuvant,322,https://violinet.org/vaxjo/vaxjo_detail.php?c_vaxjo_id=322,GPI-CCL28
VO:0005697,RNadjuvant vaccine adjuvant,323,https://violinet.org/vaxjo/vaxjo_detail.php?c_vaxjo_id=323,RNadjuvant
VO:0005713,TDM vaccine adjuvant,325,https://violinet.org/vaxjo/vaxjo_detail.php?c_vaxjo_id=325,TDM
VO:0005708,sticholysin II vaccine adjuvant,326,https://violinet.org/vaxjo/vaxjo_detail.php?c_vaxjo_id=326,sticholysin II
VO:0005621,HMBA vaccine adjuvant,328,https://violinet.org/vaxjo/vaxjo_detail.php?c_vaxjo_id=328,HMBA
VO:0005686,Poly-ϵ-caprolactone and chitosan nanoparticle vaccine adjuvant,329,https://violinet.org/vaxjo/vaxjo_detail.php?c_vaxjo_id=329,Poly-ϵ-caprolactone and chitosan nanoparticle
VO:0005712,Taishan Robinia Pseudoacacia polysaccharide vaccine adjuvant,330,https://violinet.org/vaxjo/vaxjo_detail.php?c_vaxjo_id=330,Taishan Robinia Pseudoacacia polysaccharides
VO:0005721,Tumour-derived exosome vaccine adjuvant,331,https://violinet.org/vaxjo/vaxjo_detail.php?c_vaxjo_id=331,Tumour-derived exosomes (TEXs)
VO:0005623,IBL027 vaccine adjuvant,333,https://violinet.org/vaxjo/vaxjo_detail.php?c_vaxjo_id=333,IBL027
VO:0005534,AS01 vaccine adjuvant,334,https://violinet.org/vaxjo/vaxjo_detail.php?c_vaxjo_id=334,AS01
VO:0005528,Alum and IL-10 vaccine adjuvant,335,https://violinet.org/vaxjo/vaxjo_detail.php?c_vaxjo_id=335,Alum and IL-10
VO:0005599,epigallocatechin-3-gallate vaccine adjuvant,336,https://violinet.org/vaxjo/vaxjo_detail.php?c_vaxjo_id=336,epigallocatechin-3-gallate
VO:0005615,Graphene oxide vaccine adjuvant,337,https://violinet.org/vaxjo/vaxjo_detail.php?c_vaxjo_id=337,Graphene oxide
VO:0005652,MDA5 vaccine adjuvant,338,https://violinet.org/vaxjo/vaxjo_detail.php?c_vaxjo_id=338,MDA5
VO:0005550,CCL19 vaccine adjuvant,339,https://violinet.org/vaxjo/vaxjo_detail.php?c_vaxjo_id=339,CCL19
VO:0005533,APS vaccine adjuvant,340,https://violinet.org/vaxjo/vaxjo_detail.php?c_vaxjo_id=340,APS
VO:0005632,IL-36 vaccine adjuvant,341,https://violinet.org/vaxjo/vaxjo_detail.php?c_vaxjo_id=341,IL-36
VO:0005613,Granules of mast cells vaccine adjuvant,342,https://violinet.org/vaxjo/vaxjo_detail.php?c_vaxjo_id=342,Granules of mast cells
VO:0005692,pSPreS2 vaccine adjuvant,343,https://violinet.org/vaxjo/vaxjo_detail.php?c_vaxjo_id=343,pSPreS2
VO:0005527,AlO(OH)-polymer nanoparticle vaccine adjuvant,344,https://violinet.org/vaxjo/vaxjo_detail.php?c_vaxjo_id=344,AlO(OH)-polymer nanoparticles
VO:0005641,K3-SPG vaccine adjuvant,345,https://violinet.org/vaxjo/vaxjo_detail.php?c_vaxjo_id=345,K3-SPG
VO:0005525,ALF vaccine adjuvant,346,https://violinet.org/vaxjo/vaxjo_detail.php?c_vaxjo_id=346,ALF
VO:0005691,Propionibacterium acnes vaccine adjuvant,347,https://violinet.org/vaxjo/vaxjo_detail.php?c_vaxjo_id=347,Propionibacterium acnes(P. acnes)
VO:0005638,iron oxide nanoparticle vaccine adjuvant,348,https://violinet.org/vaxjo/vaxjo_detail.php?c_vaxjo_id=348,iron oxide nanoparticles
VO:0005539,CA-CpG vaccine adjuvant,349,https://violinet.org/vaxjo/vaxjo_detail.php?c_vaxjo_id=349,CA-CpG
VO:0005661,Naltrexone vaccine adjuvant,350,https://violinet.org/vaxjo/vaxjo_detail.php?c_vaxjo_id=350,Naltrexone
VO:0005545,CAF24a vaccine adjuvant,351,https://violinet.org/vaxjo/vaxjo_detail.php?c_vaxjo_id=351,CAF24a
VO:0005541,CAF05 vaccine adjuvant,352,https://violinet.org/vaxjo/vaxjo_detail.php?c_vaxjo_id=352,CAF05
VO:0005602,FLIC vaccine adjuvant,353,https://violinet.org/vaxjo/vaxjo_detail.php?c_vaxjo_id=353,FLIC
VO:0005622,HMGB1 vaccine adjuvant,354,https://violinet.org/vaxjo/vaxjo_detail.php?c_vaxjo_id=354,HMGB1
VO:0005624,IFN-alpha vaccine adjuvant,355,https://violinet.org/vaxjo/vaxjo_detail.php?c_vaxjo_id=355,IFN-α
VO:0005574,CnB vaccine adjuvant,356,https://violinet.org/vaxjo/vaxjo_detail.php?c_vaxjo_id=356,CnB
VO:0005644,L-NAME vaccine adjuvant,357,https://violinet.org/vaxjo/vaxjo_detail.php?c_vaxjo_id=357,L-NAME
VO:0005618,HBHA vaccine adjuvant,358,https://violinet.org/vaxjo/vaxjo_detail.php?c_vaxjo_id=358,HBHA
VO:0005695,retinoic acid and IL-15 vaccine adjuvant,359,https://violinet.org/vaxjo/vaxjo_detail.php?c_vaxjo_id=359,retinoic acid and IL-15
VO:0005723,VISA vaccine adjuvant,360,https://violinet.org/vaxjo/vaxjo_detail.php?c_vaxjo_id=360,VISA
VO:0005535,Babassu aqueous extract vaccine adjuvant,361,https://violinet.org/vaxjo/vaxjo_detail.php?c_vaxjo_id=361,Babassu aqueous extract
VO:0005596,DAI vaccine adjuvant,362,https://violinet.org/vaxjo/vaxjo_detail.php?c_vaxjo_id=362,DAI
VO:0005614,Granulysin vaccine adjuvant,363,https://violinet.org/vaxjo/vaxjo_detail.php?c_vaxjo_id=363,Granulysin
VO:0005542,CAF06 vaccine adjuvant,364,https://violinet.org/vaxjo/vaxjo_detail.php?c_vaxjo_id=364,CAF06
VO:0005639,IRX-2 vaccine adjuvant,365,https://violinet.org/vaxjo/vaxjo_detail.php?c_vaxjo_id=365,IRX-2
VO:0005653,MDP-1 vaccine adjuvant,366,https://violinet.org/vaxjo/vaxjo_detail.php?c_vaxjo_id=366,MDP-1
VO:0005620,HIV-1 protease vaccine adjuvant,367,https://violinet.org/vaxjo/vaxjo_detail.php?c_vaxjo_id=367,HIV-1 protease
VO:0005720,TRIF vaccine adjuvant,368,https://violinet.org/vaxjo/vaxjo_detail.php?c_vaxjo_id=368,TRIF
VO:0005555,CCL5 vaccine adjuvant,369,https://violinet.org/vaxjo/vaxjo_detail.php?c_vaxjo_id=369,CCL5 adjuvant
VO:0005662,NP DNA vaccine adjuvant,370,https://violinet.org/vaxjo/vaxjo_detail.php?c_vaxjo_id=370,NP DNA adjuvant
VO:0005634,IL-7-Fc vaccine adjuvant,371,https://violinet.org/vaxjo/vaxjo_detail.php?c_vaxjo_id=371,IL-7-Fc
VO:0005516,1P7 vaccine adjuvant,372,https://violinet.org/vaxjo/vaxjo_detail.php?c_vaxjo_id=372,1P7
VO:0005537,C3 vaccine adjuvant,373,https://violinet.org/vaxjo/vaxjo_detail.php?c_vaxjo_id=373,C3 adjuvant
VO:0005603,Flt-3 ligand vaccine adjuvant,374,https://violinet.org/vaxjo/vaxjo_detail.php?c_vaxjo_id=374,Flt-3 ligand
VO:0005583,CS3 vaccine adjuvant,375,https://violinet.org/vaxjo/vaxjo_detail.php?c_vaxjo_id=375,CS3 adjuvant
VO:0005730,rhIL-7 vaccine adjuvant,376,https://violinet.org/vaxjo/vaxjo_detail.php?c_vaxjo_id=376,rhIL-7 adjuvant
VO:0005750,SBAS2 vaccine adjuvant,378,https://violinet.org/vaxjo/vaxjo_detail.php?c_vaxjo_id=378,SBAS2
VO:0005648,LP-GMP vaccine adjuvant,380,https://violinet.org/vaxjo/vaxjo_detail.php?c_vaxjo_id=380,LP-GMP
VO:0005672,PAMK vaccine adjuvant,381,https://violinet.org/vaxjo/vaxjo_detail.php?c_vaxjo_id=381,PAMK
VO:0005707,spontaneous nanoliposome antigen particleization vaccine adjuvant,383,https://violinet.org/vaxjo/vaxjo_detail.php?c_vaxjo_id=383,spontaneous nanoliposome antigen particleization
VO:0005606,G3 vaccine adjuvant,384,https://violinet.org/vaxjo/vaxjo_detail.php?c_vaxjo_id=384,G3
VO:0005581,CpG-ODN and Coa-ASC16 vaccine adjuvant,385,https://violinet.org/vaxjo/vaxjo_detail.php?c_vaxjo_id=385,CpG-ODN and Coa-ASC16
VO:0005665,OK-432 vaccine adjuvant,386,https://violinet.org/vaxjo/vaxjo_detail.php?c_vaxjo_id=386,OK-432
VO:0005573,CL429 vaccine adjuvant,389,https://violinet.org/vaxjo/vaxjo_detail.php?c_vaxjo_id=389,CL429
VO:0005741,AS15 vaccine adjuvant,390,https://violinet.org/vaxjo/vaxjo_detail.php?c_vaxjo_id=390,AS15
VO:0005530,AmpB vaccine adjuvant,391,https://violinet.org/vaxjo/vaxjo_detail.php?c_vaxjo_id=391,AmpB
VO:0005544,CAF23 vaccine adjuvant,393,https://violinet.org/vaxjo/vaxjo_detail.php?c_vaxjo_id=393,CAF23
VO:0005671,PAA:nanoalum vaccine adjuvant,394,https://violinet.org/vaxjo/vaxjo_detail.php?c_vaxjo_id=394,PAA:nanoalum
VO:0005693,QS-17 and QS-18 vaccine adjuvant,395,https://violinet.org/vaxjo/vaxjo_detail.php?c_vaxjo_id=395,QS-17 and18
VO:0005538,C60(OH)22 vaccine adjuvant,396,https://violinet.org/vaxjo/vaxjo_detail.php?c_vaxjo_id=396,C60(OH)22
VO:0005731,c-di-AMP vaccine adjuvant,398,https://violinet.org/vaxjo/vaxjo_detail.php?c_vaxjo_id=398,c-di-AMP
VO:0005699,Rotavirus VP6 vaccine adjuvant,400,https://violinet.org/vaxjo/vaxjo_detail.php?c_vaxjo_id=400,Rotavirus VP6
VO:0005645,L-siRNA vaccine adjuvant,401,https://violinet.org/vaxjo/vaxjo_detail.php?c_vaxjo_id=401,L-siRNA
VO:0005517,3DSNA vaccine adjuvant,402,https://violinet.org/vaxjo/vaxjo_detail.php?c_vaxjo_id=402,3DSNA
VO:0005749,NS-TLR vaccine adjuvant,403,https://violinet.org/vaxjo/vaxjo_detail.php?c_vaxjo_id=403,NS-TLR
VO:0005522,Aikejia vaccine adjuvant,404,https://violinet.org/vaxjo/vaxjo_detail.php?c_vaxjo_id=404,Aikejia
VO:0005647,Listeriolysin O vaccine adjuvant,405,https://violinet.org/vaxjo/vaxjo_detail.php?c_vaxjo_id=405,Listeriolysin O
VO:0005679,Pinaceae-derived nanoemulsions vaccine adjuvant,406,https://violinet.org/vaxjo/vaxjo_detail.php?c_vaxjo_id=406,Pinaceae-derived nanoemulsions
VO:0005701,SAG1 and TLR-5 ligand vaccine adjuvant,407,https://violinet.org/vaxjo/vaxjo_detail.php?c_vaxjo_id=407,SAG1 and TLR-5 ligand
VO:0005738,Ad-p53 vaccine adjuvant,409,https://violinet.org/vaxjo/vaxjo_detail.php?c_vaxjo_id=409,Ad-p53
VO:0005739,Ad-SLC vaccine adjuvant,410,https://violinet.org/vaxjo/vaxjo_detail.php?c_vaxjo_id=410,Ad-SLC
VO:0005612,gp63 vaccine adjuvant,413,https://violinet.org/vaxjo/vaxjo_detail.php?c_vaxjo_id=413,gp63
VO:0005655,MIP-2 vaccine adjuvant,414,https://violinet.org/vaxjo/vaxjo_detail.php?c_vaxjo_id=414,MIP-2
VO:0005536,BVP22 vaccine adjuvant,415,https://violinet.org/vaxjo/vaxjo_detail.php?c_vaxjo_id=415,BVP22
VO:0005651,MCP-3 vaccine adjuvant,416,https://violinet.org/vaxjo/vaxjo_detail.php?c_vaxjo_id=416,MCP-3
VO:0005727,pcIFN-gamma vaccine adjuvant,417,https://violinet.org/vaxjo/vaxjo_detail.php?c_vaxjo_id=417,pcIFN-gamma
VO:0005580,CpG-MUC1-hydrogel vaccine adjuvant,419,https://violinet.org/vaxjo/vaxjo_detail.php?c_vaxjo_id=419,CpG-MUC1-hydrogel
VO:0005715,thymosin alpha-1 vaccine adjuvant,420,https://violinet.org/vaxjo/vaxjo_detail.php?c_vaxjo_id=420,thymosin alpha-1
VO:0005547,carbon-silica nanocomposite vaccine adjuvant,421,https://violinet.org/vaxjo/vaxjo_detail.php?c_vaxjo_id=421,carbon-silica nanocomposite
VO:0005733,DP-D vaccine adjuvant,423,https://violinet.org/vaxjo/vaxjo_detail.php?c_vaxjo_id=423,LIAS
VO:0005616,HAV-aCNP vaccine adjuvant,424,https://violinet.org/vaxjo/vaxjo_detail.php?c_vaxjo_id=424,HAV-aCNP
VO:0005600,FimH vaccine adjuvant,426,https://violinet.org/vaxjo/vaxjo_detail.php?c_vaxjo_id=426,FimH
VO:0005658,MUC1 based adjuvant-protein-antigen vaccine adjuvant,427,https://violinet.org/vaxjo/vaxjo_detail.php?c_vaxjo_id=427,MUC1 based adjuvant-protein-antigen
VO:0005631,IL-33 vaccine adjuvant,428,https://violinet.org/vaxjo/vaxjo_detail.php?c_vaxjo_id=428,IL33
VO:0005696,rHP-NAP vaccine adjuvant,429,https://violinet.org/vaxjo/vaxjo_detail.php?c_vaxjo_id=429,rHP-NAP
VO:0005742,AS1517499 vaccine adjuvant,430,https://violinet.org/vaxjo/vaxjo_detail.php?c_vaxjo_id=430,AS1517499
VO:0005706,sPLA2 vaccine adjuvant,431,https://violinet.org/vaxjo/vaxjo_detail.php?c_vaxjo_id=431,sPLA2
VO:0005554,CCL34 vaccine adjuvant,432,https://violinet.org/vaxjo/vaxjo_detail.php?c_vaxjo_id=432,CCL34
VO:0005709,synthetic melanin vaccine adjuvant,434,https://violinet.org/vaxjo/vaxjo_detail.php?c_vaxjo_id=434,synthetic melanin
VO:0005717,TLR7 agonist and NOD2 agonist vaccine adjuvant,436,https://violinet.org/vaxjo/vaxjo_detail.php?c_vaxjo_id=436,TLR7 agonist and NOD2 agonist
VO:0005726,LAB EPS vaccine adjuvant,437,https://violinet.org/vaxjo/vaxjo_detail.php?c_vaxjo_id=437,LAB EPS
VO:0000384,IL-15 plasmid vaccine adjuvant,438,https://violinet.org/vaxjo/vaxjo_detail.php?c_vaxjo_id=438,IL-15 plasmid vaccine adjuvant
VO:0005559,Chitin vaccine adjuvant,440,https://violinet.org/vaxjo/vaxjo_detail.php?c_vaxjo_id=440,Chitin
VO:0005365,Zymosan vaccine adjuvant,441,https://violinet.org/vaxjo/vaxjo_detail.php?c_vaxjo_id=441,Zymosan
VO:0005364,Tomatine vaccine adjuvant,442,https://violinet.org/vaxjo/vaxjo_detail.php?c_vaxjo_id=442,Tomatine
VO:0005585,CTA1-M2e-DD vaccine adjuvant,443,https://violinet.org/vaxjo/vaxjo_detail.php?c_vaxjo_id=443,CTA1-M2e-DD
VO:0005663,NP-3pRNA-CpG vaccine adjuvant,444,https://violinet.org/vaxjo/vaxjo_detail.php?c_vaxjo_id=444,NP-3pRNA-CpG
VO:0005666,OMPC-TLR2 vaccine adjuvant,445,https://violinet.org/vaxjo/vaxjo_detail.php?c_vaxjo_id=445,OMPC-TLR2
VO:0005529,Alum/CpG-based formulation vaccine adjuvant,446,https://violinet.org/vaxjo/vaxjo_detail.php?c_vaxjo_id=446,Alum/CpG-based formulation
VO:0005531,ANXA2 vaccine adjuvant,447,https://violinet.org/vaxjo/vaxjo_detail.php?c_vaxjo_id=447,ANXA2
VO:0005627,IL-18 vaccine adjuvant,448,https://violinet.org/vaxjo/vaxjo_detail.php?c_vaxjo_id=448,IL-18
VO:0005591,CXCL11 vaccine adjuvant,449,https://violinet.org/vaxjo/vaxjo_detail.php?c_vaxjo_id=449,CXC11
VO:0005553,CCL3 vaccine adjuvant,450,https://violinet.org/vaxjo/vaxjo_detail.php?c_vaxjo_id=450,CCL3
VO:0005543,CAF19 vaccine adjuvant,451,https://violinet.org/vaxjo/vaxjo_detail.php?c_vaxjo_id=451,CAF19
VO:0005366,XtendIII vaccine adjuvant,452,https://violinet.org/vaxjo/vaxjo_detail.php?c_vaxjo_id=452,XtendIII
VO:0005367,MPL + TDM vaccine adjuvant,453,https://violinet.org/vaxjo/vaxjo_detail.php?c_vaxjo_id=453,MPL + TDM
VO:0005363,Montanide ISA 50 vaccine adjuvant,454,https://violinet.org/vaxjo/vaxjo_detail.php?c_vaxjo_id=454,Montanide ISA 50
VO:0005362,Montanide ISA 206 vaccine adjuvant,455,https://violinet.org/vaxjo/vaxjo_detail.php?c_vaxjo_id=455,Montanide ISA 206
VO:0005361,Montanide IMS 1313 vaccine adjuvant,456,https://violinet.org/vaxjo/vaxjo_detail.php?c_vaxjo_id=456,Montanide IMS 1313
VO:0001268,Montanide ISA 720 vaccine adjuvant,457,https://violinet.org/vaxjo/vaxjo_detail.php?c_vaxjo_id=457,Montanide ISA 720
VO:0000192,Montanide 103 vaccine adjuvant,458,https://violinet.org/vaxjo/vaxjo_detail.php?c_vaxjo_id=458,Montanide 103
VO:0005368,Syntex Adjuvant Formulation,459,https://violinet.org/vaxjo/vaxjo_detail.php?c_vaxjo_id=459,Syntex Adjuvant Formulation
VO:0005669,OVA-LNPs vaccine adjuvant,460,https://violinet.org/vaxjo/vaxjo_detail.php?c_vaxjo_id=460,OVA-LNPs
VO:0005685,PNPS-0.3 vaccine adjuvant,461,https://violinet.org/vaxjo/vaxjo_detail.php?c_vaxjo_id=461,PNPS-0.3
VO:0005523,Al-BSA-Ce6 NPs vaccine adjuvant,462,https://violinet.org/vaxjo/vaxjo_detail.php?c_vaxjo_id=462,Al-BSA-Ce6 NPs
VO:0001249,RC529-AF vaccine adjuvant,463,https://violinet.org/vaxjo/vaxjo_detail.php?c_vaxjo_id=463,RC529-AF
VO:0005734,T7-EA vaccine adjuvant,465,https://violinet.org/vaxjo/vaxjo_detail.php?c_vaxjo_id=465,T7-EA
VO:0000938,xanthan gum vaccine ajuvant,466,https://violinet.org/vaxjo/vaxjo_detail.php?c_vaxjo_id=466,xanthan gum
VO:0005633,IL-4 vaccine adjuvant,467,https://violinet.org/vaxjo/vaxjo_detail.php?c_vaxjo_id=467,IL-4
VO:0006094,CpG55.2 vaccine adjuvant,468,https://violinet.org/vaxjo/vaxjo_detail.php?c_vaxjo_id=468,CpG55.2
VO:0005372,Vaxfectin vaccine adjuvant,469,https://violinet.org/vaxjo/vaxjo_detail.php?c_vaxjo_id=469,Vaxfectin
VO:0005371,Pam3Cys vaccine adjuvant,470,https://violinet.org/vaxjo/vaxjo_detail.php?c_vaxjo_id=470,Pam3Cys
VO:0005369,dibutyl phthalate vaccine adjuvant,471,https://violinet.org/vaxjo/vaxjo_detail.php?c_vaxjo_id=471,dibutyl phthalate
VO:0005512,ME-F-1051 (VesiVax®) vaccine adjuvant,472,https://violinet.org/vaxjo/vaxjo_detail.php?c_vaxjo_id=472,ME-F-1051
VO:0005514,CpG 1018 vaccine adjuvant,473,https://violinet.org/vaxjo/vaxjo_detail.php?c_vaxjo_id=473,CpG 1018
VO:0005751,TFPR1 vaccine adjuvant,474,https://violinet.org/vaxjo/vaxjo_detail.php?c_vaxjo_id=474,TFPR1
VO:0005752,Murabutide vaccine adjuvant,475,https://violinet.org/vaxjo/vaxjo_detail.php?c_vaxjo_id=475,Murabutide
VO:0005753,Ace-DEX vaccine adjuvant,476,https://violinet.org/vaxjo/vaxjo_detail.php?c_vaxjo_id=476,Ace-DEX
VO:0005754,GDQ vaccine adjuvant,477,https://violinet.org/vaxjo/vaxjo_detail.php?c_vaxjo_id=477,GDQ
VO:0005755,NADA vaccine adjuvant,478,https://violinet.org/vaxjo/vaxjo_detail.php?c_vaxjo_id=478,NADA
VO:0005756,SMQ vaccine adjuvant,479,https://violinet.org/vaxjo/vaxjo_detail.php?c_vaxjo_id=479,SMQ
VO:0005757,PHAD vaccine adjuvant,480,https://violinet.org/vaxjo/vaxjo_detail.php?c_vaxjo_id=480,PHAD
VO:0005758,ST101036 vaccine adjuvant,481,https://violinet.org/vaxjo/vaxjo_detail.php?c_vaxjo_id=481,ST101036
VO:0005759,MIP-1alpha vaccine adjuvant,482,https://violinet.org/vaxjo/vaxjo_detail.php?c_vaxjo_id=482,MIP-1alpha
VO:0005760,Levamisole vaccine adjuvant,483,https://violinet.org/vaxjo/vaxjo_detail.php?c_vaxjo_id=483,Levamisole
VO:0005761,Hsp65 vaccine adjuvant,484,https://violinet.org/vaxjo/vaxjo_detail.php?c_vaxjo_id=484,Hsp65
VO:0005762,HVJ-Envelope vaccine adjuvant,485,https://violinet.org/vaxjo/vaxjo_detail.php?c_vaxjo_id=485,HVJ-Envelope
VO:0005763,GPI-0100 vaccine adjuvant,486,https://violinet.org/vaxjo/vaxjo_detail.php?c_vaxjo_id=486,GPI-0100
VO:0005764,Tween 80 vaccine adjuvant,487,https://violinet.org/vaxjo/vaxjo_detail.php?c_vaxjo_id=487,Tween 80
VO:0005765,EP67 vaccine adjuvant,488,https://violinet.org/vaxjo/vaxjo_detail.php?c_vaxjo_id=488,EP67
VO:0005766,1Z105 vaccine adjuvant,489,https://violinet.org/vaxjo/vaxjo_detail.php?c_vaxjo_id=489,1Z105
VO:0005767,Curdlan vaccine adjuvant,490,https://violinet.org/vaxjo/vaxjo_detail.php?c_vaxjo_id=490,Curdlan
VO:0005768,CARP-1 vaccine adjuvant,491,https://violinet.org/vaxjo/vaxjo_detail.php?c_vaxjo_id=491,CARP-1
VO:0005769,ASPPR vaccine adjuvant,492,https://violinet.org/vaxjo/vaxjo_detail.php?c_vaxjo_id=492,ASPPR
VO:0005770,BLP vaccine adjuvant,493,https://violinet.org/vaxjo/vaxjo_detail.php?c_vaxjo_id=493,BLP
VO:0005771,BX795 vaccine adjuvant,494,https://violinet.org/vaxjo/vaxjo_detail.php?c_vaxjo_id=494,BX795
VO:0005772,C5a vaccine adjuvant,495,https://violinet.org/vaxjo/vaxjo_detail.php?c_vaxjo_id=495,C5a
VO:0005773,HP-β-CD vaccine adjuvant,496,https://violinet.org/vaxjo/vaxjo_detail.php?c_vaxjo_id=496,HP-β-CD
VO:0005774,CYT387 vaccine adjuvant,497,https://violinet.org/vaxjo/vaxjo_detail.php?c_vaxjo_id=497,CYT387
VO:0005775,CARP-2 vaccine adjuvant,498,https://violinet.org/vaxjo/vaxjo_detail.php?c_vaxjo_id=498,CARP-2
VO:0005356,Adjuvax vaccine adjuvant,499,https://violinet.org/vaxjo/vaxjo_detail.php?c_vaxjo_id=499,Adjuvax
VO:0005513,ME-F-1122 vaccine adjuvant,500,https://violinet.org/vaxjo/vaxjo_detail.php?c_vaxjo_id=500,ME-F-1122
VO:0005206,Matrix-M vaccine adjuvant,501,https://violinet.org/vaxjo/vaxjo_detail.php?c_vaxjo_id=501,Matrix-M
VO:0005370,glycerol vaccine adjuvant,502,https://violinet.org/vaxjo/vaxjo_detail.php?c_vaxjo_id=502,glycerol
VO:0005357,Advax-CpG vaccine adjuvant,503,https://violinet.org/vaxjo/vaxjo_detail.php?c_vaxjo_id=503,Advax-CpG
VO:0005358,AS01B vaccine adjuvant,504,https://violinet.org/vaxjo/vaxjo_detail.php?c_vaxjo_id=504,AS01B
VO:0005359,AS02A vaccine adjuvant,505,https://violinet.org/vaxjo/vaxjo_detail.php?c_vaxjo_id=505,AS02A